id,text,sentiment
1101,CompaniesGlencore's annual results beat forecasts,4
915,Tesco sells half of stake in ecommerce site Lazada to Alibaba for Â£90m,3
553,IAG closes in on Aer Lingus with increased offer,3
458,US judge rules that BP spill smaller than feared,2
66,TalkTalk hires BAE Systems to investigate cyber attack,3
792,Glencore shares enjoy bounce-back after Hong Kong-led surge,3
820,Philip Morris  BAT Sue Over Law Taking Branding Off Packs,2
467,Shire CEO steps up drive to get Baxalta board talking,2
721,BBCN Bancorp to buy Wilshire Bancorp in $1 bln deal,3
286,Tesco bans sugary drinks in â€œchildhood obesity driveâ€퀀,2
328,BP ends 27-year sponsorship of Tate as falling oil price takes toll,1
384,Intercontinental Exchange Opts Not to Bid for London Stock Exchange,2
135,HSBC marks muted 150th birthday party with grain of rice sculptures,2
13,Smith & Nephew recalls hip-replacement components,1
449,GLOBAL MARKETS-Stocks gain on Royal Dutch Shell bid  oil slumps,3
935,Barclays poaches new chief operating officer Paul Compton from JP Morgan Chase,2
1062,Profits Fall 25% At Standard Chartered PLC: Should You Buy Or Sell?,0
716,CompaniesPound to boost ABF for now  but mixed impact ahead,3
42,Reaching New Depths: Glencore's $5bn Loss,0
703,Standard Life impresses as fee-based products offset annuities slump,3
357,Persimmon share price climbs on 23% rise in full-year revenue,4
1080,British American Tobacco accused of bribing senior politicians to sabotage ...,0
945,Glencore blames rivals for creating metals glut,1
1114,Berkshire Bought Apple Stake at $99.49 a Share  Filing Shows,2
1085,5 Years After BP Spill: What's Changed in Offshore Drilling,1
1095,Sainsbury's  Asda  Tesco and Morrisons will all cut petrol prices as oil falls ...,1
489,London Stock Exchange Shareholders Approve Merger With Deutsche BÃ¶rse,3
213,AstraZeneca wins FDA approval for key new lung cancer pill,3
42,Reaching New Depths: Glencore's $5bn Loss,0
547,Barclays Executive Harrison Denies Knowledge of Libor Fixing,1
924,Breakingviews: IAG can pay more for Aer Lingus,3
359,Travis Perkins to create 4000 jobs,3
863,UPDATE 5-SABMiller rejects AB InBev's $104 bln takeover approach,1
787,Barclays fined for anti-money-laundering failings,0
93,Unilever Continues to Battle Soft Demand,1
722,Payout from BP oil spill settlement tops $5 billion,0
125,UPDATE 3-BP settles oil spill-related claims with Halliburton  Transocean,2
1103,Pfizer to cut 120 jobs with closure of Cambridge R&D centre,1
271,Tesco says recovery on track  asks investors to be patient,2
393,Shell's $70 Billion BG Deal Meets Shareholder Skepticism,1
28,BP wins right to appeal some Gulf spill damages claims,3
122,Tesco criticised for 'disgraceful' advert showing domestic worker being slapped,1
857,Barclays Said to Shrink Bonus Pool to Less Than 2 Billion Pounds,3
1012,Diageo Shares Surge on Report of Possible Takeover by Lemann,3
632,Tesco to pay $12 million to settle US lawsuit,1
474,Broker tips: RBS  Croda  Sage,3
984,Royal Dutch Shell to Buy BG Group for Nearly $70 Billion,3
3,EasyJet attracts more passengers in June but still lags Ryanair,3
515,CommentOpening Quote: pay day moans; profits slump for Lloyds; Mars mission,1
1110,Merkel's Government Said to Support Deutsche Boerse-LSE Merger,3
529,Buffett's Berkshire builds Deere stake  dumps Exxon,3
477,Diageo and Carlsberg hit as Russians suffer from oil price collapse and rouble ...,1
669,Citigroup to Sell OneMain to Springleaf for $4.25 Billion,3
253,Former Aviva Investors analyst Mothahir Miah banned and fined Â£139000 by FCA ...,1
810,CompaniesActelion shares hit record on Shire takeover talk,3
423,PRESS: Serco Set To Appoint Roy Gardner  Ex-Centrica  As Chairman - FT,2
885,Primark racks up a happy Christmas after strong sales,4
1054,BHP  Residents Brace as Cyclone Stan Nears Australian Coast,2
918,Britain's FTSE steadies below record high  BHP gains,3
252,Spain's Caixabank launches new takeover bid for Banco BPI,2
899,CompaniesCoutts raids JPMorgan Chase for new CEO,2
50,New Morrisons duo get former boss's support to diffuse investor tension,2
236,Barclays PLC & Lloyds Banking Group PLC Are The 2 Banks I'd Buy Today,3
562,Compass Group says positive for year ahead,4
1009,AstraZeneca cancer drug may not be so fast getting to market,1
739,CompaniesCoutts raids JPMorgan Chase for new CEO,2
43,UPDATE 2-EasyJet sees better first half on lower fuel bill,4
903,AstraZeneca's Good Deal Turns Bad,1
649,CEO of Berkshire's Gen Re to retire; Jain's role grows,2
610,Associated British Foods Profit Hit by Strong Sterling  Tough Sugar Business,1
1082,AstraZeneca to cut costs but stays silent on M&A talk,2
244,UPDATE 3-BP settles oil spill-related claims with Halliburton  Transocean,2
989,UPDATE 1-Nomura  RBS must pay $806 mln in mortgage bond case-US judge,0
741,Tesco share price down as grocer faces SFO investigation outcome,1
262,LONDON MIDDAY BRIEFING: Kingfisher's French Expansion Hits The Rocks,1
1100,UK WINNERS & LOSERS: Aviva And Friends Life Lead FTSE 100 Gainers,3
575,CRH's concrete bid for Holcim Lafarge assets,2
455,Shell to buy BG Group in $69.7 billion takeover,3
165,Shell  Chevron Await LNG's Return From `Pause Mode',2
656,Old Mutual First-Quarter Sales Up 18% Buoyed by Emerging Markets,4
796,Diageo receives reports from United Spirits on financial irregularities involving ...,1
533,Industry NewsG4S makes 'positive' start to year  no new impairments,3
306,Persimmon sees post-election pick-up,3
376,LSE-Deutsche BÃ¶rse dealmakers wrong to ignore Brexit risk,1
1109,AB InBev to Sell SABMiller Stake in China's Snow Beer,2
498,CompaniesKingfisher bid for Mr Bricolage runs into trouble,1
160,UPDATE 2-Exchanges  Barclays win dismissal of US high-frequency trading case,3
277,CompaniesEx-City watchdog Turner joins Prudential board,2
90,AstraZeneca suffers setback after drug fails to treat eye cancer,1
713,Royal Mail chairman Donald Brydon set to step down,1
712,Insight - Britain's bank tax jump threatens to push HSBC  StanChart to new home,2
863,UPDATE 5-SABMiller rejects AB InBev's $104 bln takeover approach,1
909,Berkshire Hathaway's 4Q profit declines 17 percent,0
1015,Centrica suffers protest from shareholders over pay,1
1129,Oil majors like Royal Dutch Shell  Chevron  BP fail to find reserves to counter ...,1
330,Horizonte acquires neighbouring Glencore nickel property in Brazil,3
942,FTSE ends higher; 3i Group leads after strong earnings,3
359,Travis Perkins to create 4000 jobs,3
153,Intercontinental Hotels  Starwood held early deal talks - FT,2
603,US dollar wipes out sales gains for SABMiller,1
276,Prudential capital ratio beats forecasts  confirms UK head,3
818,Glencore Sells Shares to Raise $2.5 Billion and Reduce Debt,3
230,AstraZeneca investment eats into profit,2
444,Buffett talks wind energy  Coca-Cola at Berkshire meeting,2
949,CompaniesNew Aggreko CEO to reshape business  strip costs,2
1048,Valeant Said to Name New CEO With Pearson Still Hospitalized,2
523,FTSE edges up as investors cheer Kingfisher results,4
372,US urges final approval of $20 billion BP oil spill pact,1
960,Relief for Lewis as Tesco sees sales grow for first time in a year,3
842,Investor Woodford calls for outsider to head GlaxoSmithKline,2
283,CompaniesDiageo stays neutral on India boardroom turmoil,2
306,Persimmon sees post-election pick-up,3
783,Retailers Kingfisher and Sports Direct rise in Britain's share index,3
450,EasyJet Dismisses Lufthansa Low-Cost Plan in Contest for Germany,2
160,UPDATE 2-Exchanges  Barclays win dismissal of US high-frequency trading case,3
92,Retail giant Kingfisher reports 'solid' start to the year,3
1140,CompaniesTravis Perkins lifts dividend  earnings rise 15%,3
550,CompaniesAB InBev signals it won't go hostile for SABMiller,2
949,CompaniesNew Aggreko CEO to reshape business  strip costs,2
147,FDA panel backs safety updates for AstraZeneca  Takeda drugs,2
688,UPDATE 1-Pearson expects to grow this year after solid end to 2014,3
360,LSE-Deutsche BÃ¶rse dealmakers wrong to ignore Brexit risk,1
983,Dyson Wants to Create a Hair Dryer Revolution,3
115,Aberdeen's shares slide as net outflows accelerate,1
499,EasyJet to pass on lower fuel prices to customers,2
1123,US STOCKS-Wall St rises on Berkshire deal  China stimulus hopes,3
398,Rio Tinto Reaffirms Goal for Iron Ore Output,3
15,Is Trouble Brewing At Legal & General Group Plc And Aviva plc?,1
274,National Grid profit up 15%; gas sale on track,3
334,Water utility Severn Trent ups savings forecast  FY profit falls,2
425,AB InBev offers to sell some SABMiller brands,3
1112,Tesco sells half of stake in ecommerce site Lazada to Alibaba for Â£90m,2
658,Shell challenges Exxon dominance with 47 billion-pound bid for BG,3
418,NYSE owner ICE considers offer for LSE,3
691,Admiral and Schroders lift FTSE with profits surge,4
932,Shell to Go Ahead With Petrochemical Plant in Pennsylvania,3
192,Lloyds Banking Group's share price lifts amid reports bank is poised to axe hundreds of UK jobs,3
938,Standard Life stands tall amid pension reform,3
666,BHP's iron ore outlook holds little cheer for small miners,1
982,Should You Buy Jumbo Yielders British American Tobacco plc  Centrica PLC & John Wood Group PLC?,2
856,IHG agrees $938 sale of InterContinental Hong Kong,3
395,Questor share tip: Mondi shares jump 10pc on strong start,4
946,U.K. Shares Extend Rebound for Second Day as EasyJet Surges,3
618,Cuadrilla files to delay application to frack in Lancashire,1
825,Royal Mail needs to deliver on modernisation plans  post haste,2
59,Johnson Matthey revs up on clean air drive,3
545,Rolls-Royce to Ensure Compliance After Petrobras Bribery Report,1
518,Royal Mail and workers' union agree pay deal,3
380,News FeedFTSE 100 movers: Ashtead jumps on strong interims; Glencore  BP in ...,3
565,Unilever head's resignation sparks spinoff talk,2
653,Brewer AB InBev seeks $275 bln tie-up with SABMiller,3
821,Asahi could be about to snap up more of SABMiller's beers ahead of AB InBev sale,3
696,GE to Sell Majority Stake in Bank BPH's Core Bank to Alior Bank,3
1081,BT finance director Tony Chanmugam to step down,2
887,FDA approves NPS drug  in move validating Shire takeover deal,3
965,Why I'd Buy ARM Holdings plc And BHP Billiton plc Today,3
732,Fears Primark growth is starting to falter,1
787,Barclays fined for anti-money-laundering failings,0
82,CEOs of BPM  UBI meet Italy econ minister as M&A talk heats up,2
384,Intercontinental Exchange Opts Not to Bid for London Stock Exchange,2
435,Eurocrat left best-placed to unravel London Stock Exchange deal,1
562,Compass Group says positive for year ahead,4
12,Diageo sales disappoint as currency and comparatives leave bitter taste,1
995,Sales boost for new Morrisons chief David Potts as Tesco turnaround stalls,3
346,CFTC fines Barclays $560000 for inaccurate swaps position reports,0
158,Anheuser-Busch InBev Increases Offer for Rival SABMiller,2
814,Standard Chartered Misses Estimates in Sands's Last Results,1
800,Teva: FDA Approves Generic Version of AstraZeneca Heartburn Drug,3
863,UPDATE 5-SABMiller rejects AB InBev's $104 bln takeover approach,1
236,Barclays PLC & Lloyds Banking Group PLC Are The 2 Banks I'd Buy Today,3
988,BP's head of exploration Richard Herbert departs,2
747,Diageo  Heineken Exchange Emerging-Market Brewing Assets,2
40,Brazil Vale says will appeal ruling to block assets for dam burst,2
589,CompaniesUK government lines up Â£2bn Lloyds retail share sale,1
958,Sharm el Sheikh: EasyJet axes all flights to Egypt's leading holiday resort,1
735,MOVES-Ex-shadow minister McClymont joins Aberdeen Asset Management,2
89,StanChart may see white knight takeover on painful recovery - CLSA,2
1093,Barclays  Deutsche Bank Fight to Lift Profit Just Got Harder,1
705,Intertek Group announces strategic update outlining its plan,2
780,Weir leads FTSE lower after oil price profits warning,1
1053,New BG Group CEO Helge Lund Starts Earlier Than Expected,2
665,Renewed AB InBev Bid for SABMiller Ups Stake in Beer Battle,3
899,CompaniesCoutts raids JPMorgan Chase for new CEO,2
997,Genel Shares Plunge After Tony Hayward's Oil Explorer Cuts Crude Reserves at Core Field,0
1006,Aldi and Lidl expansion plans speed ahead as Tesco  Sainsbury's  Morrisons ...,3
1035,Direct Line rings up higher profit,3
134,Goldman Sachs  Barclays  HSBC downplay Brexit threat,2
893,Glencore Agrees to Sell Minority Stake in Agriculture Business,3
708,AstraZeneca sells Caprelsa rights to Sanofi unit,3
495,Shell Plans to Shed 2800 Jobs After Buying BG Group,1
419,Novartis buys remaining rights to GSK treatment in deal up to $1 billion,3
170,Verizon and AT&T accused of hurting rivals,1
1004,Sainsbury's pressed to raise bid for Home Retail Group,3
581,British American Tobacco first-half sales hurt by currency moves,1
570,DBS  Julius Baer emerge as potential bidders for Barclays Asia wealth unit ...,3
1135,UPDATE: CIB  Legal & General Sell Egyptian Life Joint Venture To AXA,2
1033,Peroni and Grolsch put up for sale as AB InBev plans acquisition of SABMiller,3
1050,Barclays appoints JPMorgan's Paul Compton as new COO,2
1101,CompaniesGlencore's annual results beat forecasts,4
133,GSK joins China trade push as UK trumpets healthcare deals,3
954,InterContinental Hotels Denies Reports of Starwood Merger Talks,2
370,Persimmon revenues lifted 12% by post-election confidence,3
220,Arm buoyed by race to build the internet of things,3
991,CompaniesRoyal Mail swerves new pricing regulations,2
979,Big account wins keep ad group WPP at front of pack,3
246,Morrisons faces festive sales test,2
993,Domino's Pizza worker sacked after crude slur aimed at customer on order screen,1
376,LSE-Deutsche BÃ¶rse dealmakers wrong to ignore Brexit risk,1
1054,BHP  Residents Brace as Cyclone Stan Nears Australian Coast,2
231,AstraZeneca bags another cancer drug deal  this time with Inovio,3
490,We'd support HSBC leaving London  says Standard Life,2
777,Glencore 2014 profit in line  takes $1.1 billion charge on commodity prices,2
734,Royal Bank of Scotland becomes Facebook customer,3
7,Barclays share price subdued as bank faces fresh forex probe,1
957,SSE to Shut Coal-Fired Plant Amid Shift to Gas  Renewable Energy,2
1134,Balfour Beatty plc Set To Reinstate Dividend (And Rival National Grid plc And Centrica PLC Once More?),3
400,Shire share price: Group releases full-year results,3
120,France raises concerns over proposed LSE-Deutsche Boerse deal,1
912,Shell's profits hit by further slide in oil prices,0
951,Exclusive - Britain targets sale of half its RBS stake in two years: sources,1
1000,Diageo receives reports from United Spirits on financial irregularities involving ...,1
637,Aberdeen to raise 100 mln stg to seed new funds,3
953,Saudi Aramco  Shell plan to break up Motiva  divide up assets,3
33,UPDATE 1-Shire takes Q2 earnings pain for long-term gain,2
700,Can Christmas Save Sainsbury's plc And Tesco plc?,2
26,Novo Nordisk and AstraZeneca seek tonic from key drug trials,2
912,Shell's profits hit by further slide in oil prices,0
405,Buffett's Berkshire delivers 9.8% profit growth,4
607,News FeedFTSE 100 movers: LSE surges as ICE says mulling offer; Ashtead and Barclays tank,0
1132,Berkshire applies to boost Wells Fargo stake above 10 percent,3
852,What It Takes for Royal Dutch Shell to Break Even,2
734,Royal Bank of Scotland becomes Facebook customer,3
949,CompaniesNew Aggreko CEO to reshape business  strip costs,2
720,Barclays PLC & Lloyds Banking Group PLC Are The 2 Banks I'd Buy Today,3
241,Aberdeen AM posts H1 outflows  says conditions to remain challenging,1
1065,Whitbread Profit Up As Sales Continue To Rise  Looking For New CEO,3
205,CompaniesCompass serves up half year profit rise,3
779,Lloyds returns Â£13bn to UK taxpayer,2
592,Standard Chartered Will Close Equity Sales and Research Business,1
754,GSK hopes big clinical trial can breath new life into lung drug,2
565,Unilever head's resignation sparks spinoff talk,2
777,Glencore 2014 profit in line  takes $1.1 billion charge on commodity prices,2
73,Clinigen chosen by AstraZeneca to manage access programme for next ...,3
80,Royal Dutch Shell to Buy BG Group for Nearly $70 Billion,3
1037,AstraZeneca sells rights to anaesthetics to South Africa's Aspen,3
269,Shell  Chevron Await LNG's Return From `Pause Mode',2
189,BP asks for lower fine in penalty phase of Gulf spill trial,2
721,BBCN Bancorp to buy Wilshire Bancorp in $1 bln deal,3
527,HSBC appoints business leaders to board,2
282,Carnival Corporation and China Merchants Group Sign Memo of Understanding ...,2
626,Hammerson  JV Partner secure ownership of Ireland's Dundrum - Quick Facts,3
280,CompaniesAstraZeneca wins nod for 'blockbuster' hopeful,3
322,Asahi could be about to snap up more of SABMiller's beers ahead of AB InBev sale,3
569,Whitbread to hike prices to offset 'substantial' national living wage bill,2
983,Dyson Wants to Create a Hair Dryer Revolution,3
267,SSE faces profiteering accusations despite 5.3% cut in gas charges,1
578,Shell share price: Standard Life announce position against BG acquisition,2
760,Aviva plans to up pay-out ratio  says too soon to judge Brexit impact,2
575,CRH's concrete bid for Holcim Lafarge assets,2
1081,BT finance director Tony Chanmugam to step down,2
432,Glencore Cuts 2015 Budget  Plans To Divest From Lonmin,1
123,Tushar Morzaria is bookies' favourite to be new Barclays chief executive,2
269,Shell  Chevron Await LNG's Return From `Pause Mode',2
950,Verizon and AT&T accused of hurting rivals,1
73,Clinigen chosen by AstraZeneca to manage access programme for next ...,3
81,Barclays to speed up cost-cuts after new mis-selling hit,1
688,UPDATE 1-Pearson expects to grow this year after solid end to 2014,3
1099,Shire share price under pressure after $32bn Baxalta deal,2
197,Should You Follow Berkshire Hathaway Into Apple Stock?,2
591,UPDATE 3-Auto Trader shares leap in UK's biggest private equity-backed listing,4
61,Is It Worth Investing In Tesco PLC And Prudential plc Now?,2
902,Stars aligned' for AB InBev's megabrew merger plan,3
448,Berkshire Shareholders Pepper Warren Buffett With Some Hard Questions,2
651,WPP boosts sales despite cautious clients,3
332,FDA approves AstraZeneca drug for advanced lung cancer,3
997,Genel Shares Plunge After Tony Hayward's Oil Explorer Cuts Crude Reserves at Core Field,0
865,Oilfield services firm Petrofac's debt shoots up 50 per cent,0
750,Intertek profit up 16.1%; expects to meet forecast,4
1117,Copper Prices up on Glencore Cuts to Zinc Supply,3
861,Norway's sovereign wealth fund says backed Shell CEO's pay,2
848,Hargreaves weathers torrid ISA season and Brexit fears,1
126,Shares in BAE Systems hit 10-month high on rating upgrade,4
99,Standard Life slips as Greek worries peg back Britain's FTSE,1
358,Royal Mail hands chief executive Moya Greene a 13% rise in her pay package,2
984,Royal Dutch Shell to Buy BG Group for Nearly $70 Billion,3
160,UPDATE 2-Exchanges  Barclays win dismissal of US high-frequency trading case,3
383,UPDATE: AstraZeneca's Selumetinib Gets Orphan Drug Label  Good AZD9291 ...,3
563,Pearson expects to return to growth this year,3
18,BP Seeks to Get Back Some Gulf Oil Spill Business Payouts,2
663,Lloyds sells Irish loan portfolio for Â£827m,2
22,L&G still paying price for dividend cut during crisis  chief says,1
486,London Stock Exchange seals Â£22 billion merger with Germany's Deutsche BÃ¶rse,3
760,Aviva plans to up pay-out ratio  says too soon to judge Brexit impact,2
154,Warren Buffett's Berkshire Hathaway buys stake in Apple,3
889,Sainsbury's and Glencore give FTSE a three-digit lift - London Report,4
698,MarketsMoneysupermarket slides 11% on Barclays Brexit warning,0
119,Severn Trent share price jumps as Canadian investor renews pursuit of utility,3
860,LONDON MORNING BRIEFING: HSBC And Standard Chartered Shares Rise,3
930,UPDATE 1-BHP Billiton's credit ratings fragile in FY16  agencies warn,1
335,Reed Elsevier shares cool after profit dip,1
591,UPDATE 3-Auto Trader shares leap in UK's biggest private equity-backed listing,4
446,Barclays CEO Staley Says Brexit Slump Caused by Profit Fears,1
571,CompaniesCar insurer Hastings Group driving Â£180m IPO,3
211,Falling oil prices hurt Hunting  Weir Group,1
1043,Tesco leads leap in FTSE 100; Marks & Spencer drops,3
746,CompaniesTesco sends supermarket shares to top of FTSE,3
263,PRESS: Serco Set To Appoint Roy Gardner  Ex-Centrica  As Chairman - FT,2
1098,AstraZeneca heart drug boosted by major clinical trial success,3
689,AstraZeneca Acquires ZS Pharma in $2.7 Billion Deal,3
71,World's banks may halve jobs and branches within 10 years - Barclays ex-boss,1
942,FTSE ends higher; 3i Group leads after strong earnings,3
420,EU drops Shell  BP  Statoil from ethanol benchmark investigation,3
717,EU drops Shell  BP  Statoil from ethanol benchmark investigation,3
1083,Buffett's Berkshire builds Deere stake  dumps Exxon,2
279,BG Group Still Happy With Shell's $70 Billion Offer,3
516,AstraZeneca sells Caprelsa rights to Sanofi unit,3
924,Breakingviews: IAG can pay more for Aer Lingus,3
18,BP Seeks to Get Back Some Gulf Oil Spill Business Payouts,2
916,Lloyds is cutting more than 600 jobs and shutting 21 branches,1
1111,Tesco share price closes higher as two more directors leave grocer,3
936,CompaniesPhilips transfers $900m of pension obligations,3
437,StanLife leads FTSE after strong earnings,4
356,AB InBev to Sell SABMiller Stake in China's Snow Beer,2
535,Old Mutual share price: Wealth unit seen as blue-chip company,4
826,Barclays CEO poaches risk head from JP Morgan,2
283,CompaniesDiageo stays neutral on India boardroom turmoil,2
913,The Coca-Cola Company and Coca-Cola FEMSA to Acquire AdeS Soy-Based Beverage Business From Unilever,3
704,CompaniesHome Retail trims gains but is considered 'in play',2
477,Diageo and Carlsberg hit as Russians suffer from oil price collapse and rouble ...,1
336,BAE Systems lines up oil exec Woodburn as next CEO -source,2
390,Britain's FTSE hits three-week low as financials  Tesco fall,0
355,UPDATE 6-Royal Dutch Shell pulls plug on Arctic exploration,1
1111,Tesco share price closes higher as two more directors leave grocer,3
741,Tesco share price down as grocer faces SFO investigation outcome,1
599,AstraZeneca bags another cancer drug deal  this time with Inovio,3
94,Fresnillo Production Surges But Profit Hit By Lower Prices,3
1127,UPDATE 1-AstraZeneca potassium drug delayed by manufacturing snag,1
441,Kinder Morgan and BP Form Joint Venture Limited Liability Company to Purchase ...,3
461,ARM Royalties Accelerate as Smartphone Market Regains Strength,3
442,Tesco says UK store closures put 2000 jobs at risk,1
574,Britain's FTSE steadies  supported by Dixons Carphone,3
595,Prudential knocked after investors withdraw Â£3.9bn from M&G,0
358,Royal Mail hands chief executive Moya Greene a 13% rise in her pay package,2
481,BP joins forces with Det Norske in Norway,3
842,Investor Woodford calls for outsider to head GlaxoSmithKline,2
42,Reaching New Depths: Glencore's $5bn Loss,0
254,ARM shrugs off smartphone slowdown as newer designs win share,2
1088,UK sells more of Lloyds bank stake  12.5 billion pounds raised so far,1
35,Standard Chartered considering move from UK,2
172,Johnson Matthey profit falls but dividend rises,2
1132,Berkshire applies to boost Wells Fargo stake above 10 percent,3
1120,UK government cuts stake in Lloyds to below 11 pct,1
494,UPDATE 3-Stifel to buy former Lehman brokerage from Barclays,2
568,Morrisons and Debenhams surprise City with Christmas bounce back,3
649,CEO of Berkshire's Gen Re to retire; Jain's role grows,2
121,Bunzl blames weakness in United States for first-half revenue slowdown,1
463,Glencore chief blames rivals' overproduction for share price fall,1
817,BHP Billiton to lower copper production costs,3
17,Schroders posts FY profit beat  replaces CEO and chairman in board shake-up,2
15,Is Trouble Brewing At Legal & General Group Plc And Aviva plc?,1
705,Intertek Group announces strategic update outlining its plan,2
613,Barclays Names Mike Bagguley as Chief Operating Officer of Investment Bank,2
726,BHP Billiton drags FTSE lower after slashing dividend,0
271,Tesco says recovery on track  asks investors to be patient,2
716,CompaniesPound to boost ABF for now  but mixed impact ahead,3
895,Breakingviews: IAG can pay more for Aer Lingus,2
128,Royal Dutch Shell plc: Shell Updates on Alaska Exploration,2
1134,Balfour Beatty plc Set To Reinstate Dividend (And Rival National Grid plc And Centrica PLC Once More?),3
10,Barclays  Deutsche Bank Fight to Lift Profit Just Got Harder,1
885,Primark racks up a happy Christmas after strong sales,4
424,RBS bosses ordered to go out and meet small firms,2
927,Hargreaves Lansdown says first-quarter assets hit by stock market flux,1
215,Barclays's Next CEO Should Be Investment Banker  Aberdeen Says,2
685,RBS becomes a shadow of its former self,0
220,Arm buoyed by race to build the internet of things,3
566,AstraZeneca wins US approval for longer use of blood thinner,3
1097,Shire Sees Baxalta Deal Closing as Expected After New Rules,3
1069,Tesco Mobile is offering you cash back in exchange for looking at ads,2
308,Australia clears AB Inbev's $100 billion SABMiller buyout plan,3
609,PRESS: HSBC Chairman Hints Bank May Retain UK Domicile - Tel,2
443,Tesco Versus Sainsbury: Weight-Watcher vs. Bodybuilder,3
153,Intercontinental Hotels  Starwood held early deal talks - FT,2
480,Glencore raises $2.5bn through share placing to help cut debt load,2
541,Euro zone QE helps Standard Life first-quarter funds boost,3
124,CompaniesG4S claims 'positive' start to the year,3
1139,Kingfisher share price slides on cost to implement new strategy,0
69,CompaniesLord Livingston joins Dixons Carphone,3
881,Shell challenges Exxon dominance with 47 billion-pound bid for BG,2
1108,easyJet leads Britain's FTSE lower as global bond rout resumes,1
199,FDA approves Shire's Vyvanse for binge-eating disorder,3
1005,Buffett's Berkshire builds Deere stake  dumps Exxon,1
603,US dollar wipes out sales gains for SABMiller,1
13,Smith & Nephew recalls hip-replacement components,1
131,London Stock Exchange unit in talks to operate Plato venue,2
522,FTSE led lower by M&S  GlaxoSmithKline,1
693,UK's FTSE hits new record highs as CRH climbs,3
382,London stock exchange shareholders vote on merger deal under Brexit cloud,1
504,Britain's FTSE eyes 7th straight daily rise; Wolseley lags,1
402,Ex-Barclays Trader Johnson Pleaded Guilty to Libor Fixing,1
439,Anheuser-Busch InBev Increases Offer for Rival SABMiller,3
227,Shire says internal synergy goals from Baxalta deal higher,3
8,Centrica prepared for takeover approach - chairman,2
244,UPDATE 3-BP settles oil spill-related claims with Halliburton  Transocean,2
523,FTSE edges up as investors cheer Kingfisher results,4
949,CompaniesNew Aggreko CEO to reshape business  strip costs,2
995,Sales boost for new Morrisons chief David Potts as Tesco turnaround stalls,3
285,Barclays poised to replace Sir Mike Rake as he heads for exit,2
815,HSBC shakes up board with two new business chiefs  three departures,2
253,Former Aviva Investors analyst Mothahir Miah banned and fined Â£139000 by FCA ...,1
923,UPDATE 1-Cypress Semiconductor offers to buy Integrated Silicon Solution,3
103,Standard Chartered Not Raising Capital Yet As Dividend Cut,2
502,Credit Suisse poaches Prudential's Thiam for Asian push,2
790,ITV shares dip after update,1
320,British American Tobacco says would fight UK 'plain packaging' law,2
154,Warren Buffett's Berkshire Hathaway buys stake in Apple,3
958,Sharm el Sheikh: EasyJet axes all flights to Egypt's leading holiday resort,1
802,Chipotle Sales Plunge as Troubled Chain Gets Federal Subpoena,0
1038,GE to Sell Majority Stake in Bank BPH's Core Bank to Alior Bank,3
87,UK lawmakers warn Royal Mail against further price hikes,2
850,Britain's FTSE gains  Land Securities up after dividend hike,3
138,Italy Probes Shell's Role in Purchase of Nigerian Oil Block,1
504,Britain's FTSE eyes 7th straight daily rise; Wolseley lags,1
360,LSE-Deutsche BÃ¶rse dealmakers wrong to ignore Brexit risk,1
221,AstraZeneca diabetes drug combination faces delay after FDA rebuff,1
472,CompaniesSanofi poaches immunology expert from AstraZeneca,2
913,The Coca-Cola Company and Coca-Cola FEMSA to Acquire AdeS Soy-Based Beverage Business From Unilever,3
925,InterContinental Hotels denies exploring sale or merger,2
544,Glencore slumps 25 pct as debt fears grow,0
709,Greenpeace Protest of BP Forces British Museum to Close,1
663,Lloyds sells Irish loan portfolio for Â£827m,2
249,UPDATE 3-Stifel to buy former Lehman brokerage from Barclays,2
41,BHP Billiton posts big loss  slashes dividend,0
346,CFTC fines Barclays $560000 for inaccurate swaps position reports,0
411,Shell offers 50 percent premium to buy BG for $70 billion,3
927,Hargreaves Lansdown says first-quarter assets hit by stock market flux,1
662,FTSE rallies off three-month low  boosted by StanChart  Sainsbury,3
5,Bilfinger Industrial Services win Â£100m BP contract extension,2
62,RBS will reportedly appoint Howard Davies as its next chairman,2
104,Tesco set to sell Kipa  Giraffe businesses - Sky News,3
229,Drugmaker Shire to buy Baxalta for $32 billion after 6-month pursuit,4
639,The Latest: Buffett says cuts will pay off at Kraft Heinz,3
778,Morrisons share price: Group trading director departs as management cull ...,2
949,CompaniesNew Aggreko CEO to reshape business  strip costs,2
1054,BHP  Residents Brace as Cyclone Stan Nears Australian Coast,2
874,AB InBev approaches SABMiller to explore $250bn tie-up,3
425,AB InBev offers to sell some SABMiller brands,3
1118,WPP's Sir Martin Sorrell is highest-paid FTSE 100 chief executive,2
596,US walrus protections hit Shell's Arctic drilling plan,1
484,Warren Buffett's Berkshire Hathaway buys stake in Apple,4
518,Royal Mail and workers' union agree pay deal,3
246,Morrisons faces festive sales test,2
441,Kinder Morgan and BP Form Joint Venture Limited Liability Company to Purchase ...,3
642,Gabon Considering Back Tax Penalties Against Royal Dutch Shell,1
1126,Centrica urges policy overhaul as it warns of 'looming gap' in UK energy supplies,2
653,Brewer AB InBev seeks $275 bln tie-up with SABMiller,3
150,Tesco says recovery plan working after profit collapse,3
851,AstraZeneca's MedImmune Inks Licensing Deal With Omnis Pharmaceuticals,3
339,RBS  Lloyds Most Exposed to Commercial Property  JPMorgan Says,2
1095,Sainsbury's  Asda  Tesco and Morrisons will all cut petrol prices as oil falls ...,1
751,Oil majors like Royal Dutch Shell  Chevron  BP fail to find reserves to counter ...,1
693,UK's FTSE hits new record highs as CRH climbs,3
72,Severn Trent share price rises as first half profit inches up as customer ...,3
521,Tesco share price: Brand Guarantee comes under fire,1
10,Barclays  Deutsche Bank Fight to Lift Profit Just Got Harder,1
252,Spain's Caixabank launches new takeover bid for Banco BPI,2
191,Warren Buffett's Awesome Feat at Berkshire Hathaway  Revisited,2
847,Companies Thetrainline.com announces arrival of London IPO,3
807,Former Barclays traders stand trial in Libor case,1
1029,BHP Billiton slashes dividend  posts $5.67 billion net loss,1
1107,London open: Taylor Wimpey and Ashtead drive markets higher  Barclays falls,0
1072,Blueprint Receives FDA Nod To Proceed With Clinical Trials For 2 Drug ...,3
75,Aviva suspends trading in Â£1.8bn UK property fund,0
693,UK's FTSE hits new record highs as CRH climbs,3
943,FTSE falls to 3-month low on Greek debt concerns  easyJet skids,1
951,Exclusive - Britain targets sale of half its RBS stake in two years: sources,1
948,Tesco shares jump 6% after Christmas sales beat expectations,4
925,InterContinental Hotels denies exploring sale or merger,2
256,Do it for me' trend underpins UK sales growth at Kingfisher,3
922,Stakes High for AstraZeneca Heart Drug Facing Tough Competition,1
113,Aviva  M&G suspend property funds as investors panic,0
27,Kingfisher takeover of Mr Bricolage could hit a brick wall,1
361,Britain cuts Lloyds Banking Group stake to below 17 pct,1
217,Shire to buy NPS for $5.2 billion to boost rare disease drugs,3
357,Persimmon share price climbs on 23% rise in full-year revenue,4
46,News FeedFTSE 100 movers: Standard Chartered lifted while AstraZeneca sinks,3
137,Standard Chartered Shares Jump Most Since '12 After Upgrades,4
551,Meggitt Acquires Cobham Advanced Composites Unit For USD200 Million,3
1082,AstraZeneca to cut costs but stays silent on M&A talk,2
294,AstraZeneca sells US drug rights to Perrigo for $380 mln,3
306,Persimmon sees post-election pick-up,3
873,Britain facing winter of blackouts as National Grid warns of tightest power ...,1
216,RBS and Barclays shares temporarily suspended amid heavily losses,0
1045,Royal Bank of Scotland fortunes ebbed and flowed under 3 chiefs,2
1017,Is It Worth Investing In Tesco PLC And Prudential plc Now?,2
183,Easyjet targets business travellers with new perks,2
400,Shire share price: Group releases full-year results,3
705,Intertek Group announces strategic update outlining its plan,2
472,CompaniesSanofi poaches immunology expert from AstraZeneca,2
219,BHP Billiton says no settlement yet on Brazil dam disaster,2
1024,GKN to buy Fokker Technologies for 706 mln euros,3
708,AstraZeneca sells Caprelsa rights to Sanofi unit,3
819,CompaniesSmith & Nephew flops 6.8% to foot of FTSE 100,0
185,Shire proposes $30 bln all-share tie-up with Baxalta,3
64,Petrofac books further Â£30m cost for Shetland gas terminal delays,1
995,Sales boost for new Morrisons chief David Potts as Tesco turnaround stalls,3
916,Lloyds is cutting more than 600 jobs and shutting 21 branches,1
676,RBS chairman admits surprise at size of regulatory penalties,1
147,FDA panel backs safety updates for AstraZeneca  Takeda drugs,2
812,HSBC  Standard Chartered Lead Asia Bank Rout as U.K. Votes 'Out',1
953,Saudi Aramco  Shell plan to break up Motiva  divide up assets,3
118,Standard Chartered share price: Aberdeen CEO would back potential capital increase,2
976,Aviva weighs cash handout after beating profit forecast,3
499,EasyJet to pass on lower fuel prices to customers,2
187,Valeant Names Interim Leader as CEO Remains Hospitalized,2
101,FCA bans former RBS Libor submitter,1
285,Barclays poised to replace Sir Mike Rake as he heads for exit,2
387,Glencore Sells $2.5 Billion Stake in Agriculture Unit,3
174,ConAgra Names Former Hillshire Farms CEO Connolly to Top Post,2
1137,FDA panel backs Glaxo asthma drug for adults  not adolescents,3
1092,Bloomberg buys Barclays' benchmarking business,3
1000,Diageo receives reports from United Spirits on financial irregularities involving ...,1
541,Euro zone QE helps Standard Life first-quarter funds boost,3
421,HSBC Preparing Job Cuts That May Target 20000 Workers  Sky Says,1
929,CompaniesThiam received Â£5m pay packet for final months at Prudential,2
208,AstraZeneca in Talks to Buy Cancer Drug Developer Acerta Pharma,3
772,AstraZeneca's patent on asthma drug invalidated by US court,0
1066,Persimmon shares nudge higher as housebuilder sees strong 2014,3
984,Royal Dutch Shell to Buy BG Group for Nearly $70 Billion,3
159,Sainsbury CFO Rogers to Replace Home Retail CEO Walden,2
633,FTSE 100 moves lower  but HSBC outperforms,3
601,We'd support HSBC leaving London  says Standard Life,2
987,BP set to cut hundreds of jobs at North Sea operations,0
955,Standard Chartered faces fresh claims of Iran sanctions violations,1
613,Barclays Names Mike Bagguley as Chief Operating Officer of Investment Bank,2
200,Entertainment One dispels ITV takeover rumours,2
193,SSE cuts gas prices by 4.1% to become fifth of 'Big Six' providers to slash energy ...,2
6,Bilfinger Industrial Services win Â£100m BP contract extension,3
823,BP Judge Urged to Impose $11.7 Billion-Plus Spill Fine,1
1083,Buffett's Berkshire builds Deere stake  dumps Exxon,2
1132,Berkshire applies to boost Wells Fargo stake above 10 percent,3
110,Japan's Nikkei lands Financial Times in $1.3 billion deal,3
935,Barclays poaches new chief operating officer Paul Compton from JP Morgan Chase,2
384,Intercontinental Exchange Opts Not to Bid for London Stock Exchange,2
966,Admiral Group posts decline in 2014 earnings,1
416,Rolls-Royce Wins $9.2 Billion Order From Emirates Airline,4
1128,Activist Fund TCI Backs German Takeover of London Stock Exchange,3
414,Unilever posts weaker-than-expected fourth quarter,1
448,Berkshire Shareholders Pepper Warren Buffett With Some Hard Questions,2
420,EU drops Shell  BP  Statoil from ethanol benchmark investigation,3
98,DBS  Julius Baer emerge as potential bidders for Barclays Asia wealth unit ...,3
249,UPDATE 3-Stifel to buy former Lehman brokerage from Barclays,2
923,UPDATE 1-Cypress Semiconductor offers to buy Integrated Silicon Solution,3
1011,UPDATE 3-Barclays sells Italian branches to Mediobanca at a loss,0
34,Drugmaker Shire to buy Baxalta for $32 billion after 6-month pursuit,3
622,RPT-UPDATE 2-Former Jefferies trader Litvak's conviction overturned,2
280,CompaniesAstraZeneca wins nod for 'blockbuster' hopeful,3
1079,GSK aims to file up to 20 new drugs for approval by 2020,3
428,Barclays says not been offered deferred prosecution deal by SFO,2
181,LPC-Glencore launches refinancing of $8.45billion loan,2
502,Credit Suisse poaches Prudential's Thiam for Asian push,2
551,Meggitt Acquires Cobham Advanced Composites Unit For USD200 Million,3
1084,Barclays Not Convinced by Gains in South African Stocks: Chart,2
429,Aviva promises higher dividends to boost flagging share price,3
129,City spirits sink after Diageo comes up short with sales slide,1
836,Prudential hit by withdrawals from M&G investment arm,0
339,RBS  Lloyds Most Exposed to Commercial Property  JPMorgan Says,2
516,AstraZeneca sells Caprelsa rights to Sanofi unit,3
1138,Barclays set to name former JPMorgan banker Staley as new CEO,2
307,Fewer multi-buys hurt Sainsbury's market share,1
552,LSE Group names former SEC head Schapiro non-executive director,2
682,Teva First-Quarter Net Rises 11% Amid Mylan Takeover Battle,3
170,Verizon and AT&T accused of hurting rivals,1
1125,US Seeks Huawei Records on Dealings With Sanctioned Nations,1
1043,Tesco leads leap in FTSE 100; Marks & Spencer drops,3
529,Buffett's Berkshire builds Deere stake  dumps Exxon,3
665,Renewed AB InBev Bid for SABMiller Ups Stake in Beer Battle,3
751,Oil majors like Royal Dutch Shell  Chevron  BP fail to find reserves to counter ...,1
140,Friends Life lifts profits 38% and hikes divi ahead of proposed Aviva takeover,2
564,Rolls-Royce Wins $9.2 Billion Order From Emirates Airline,4
125,UPDATE 3-BP settles oil spill-related claims with Halliburton  Transocean,2
27,Kingfisher takeover of Mr Bricolage could hit a brick wall,1
426,RPT-UK supermarkets braced for battle as Tesco comes out fighting,2
169,ABN Amro: Bank that brought down RBS poised for return to the market,3
1018,2 Turnaround Buys For 2016? BHP Billiton plc And Home Retail Group Plc,3
506,Rolls-Royce to Ensure Compliance After Petrobras Bribery Report,2
877,Nine banks including Barclays  Citi  agree to pay $2 billion to settle forex ...,0
95,Helge Lund moves to BG a month early,2
176,Sainsbury's  Asda  Tesco and Morrisons will all cut petrol prices as oil falls ...,1
685,RBS becomes a shadow of its former self,0
1106,RBI surprises Street; Sensex pares gains after hitting mount 30k,1
1026,Pearson in Talks to Sell Its Stake in the Economist Group,3
695,Shell share price: Standard Life announce position against BG acquisition,2
678,CRH's concrete bid for Holcim Lafarge assets,3
605,Lloyds Banking Group to cut 640 jobs and close 23 branches,3
228,WPP wins race for 'programmatic buying' agency Essence Digital,3
793,Ruling sets lower limit on potential fine for BP,1
558,BP agrees to $18.7B penalty for oil spill; the tricky science behind ...,0
802,Chipotle Sales Plunge as Troubled Chain Gets Federal Subpoena,0
24,Whitbread eyes savings  price rises to offset wage rises,2
168,Glencore shares rally after miner hits back,3
224,CompaniesAberdeen Asset Mgt reports 10th consecutive quarterly outflows,0
1032,Glaxo Sees Hope for Respiratory Drugs as Earnings Beat Estimates,3
1067,UPDATE 1-BG Group's record output limits oil price fallout,2
629,GSK reveals strong trial results for shingles drug,3
342,European shares fall on Chinese import data  SABMiller soars,3
486,London Stock Exchange seals Â£22 billion merger with Germany's Deutsche BÃ¶rse,3
900,Easyjet traffic hit by air traffic controller strikes and terrorism,1
3,EasyJet attracts more passengers in June but still lags Ryanair,3
755,UPDATE: Peter Long To Be Chairman Of Both Royal Mail And TUI AG,2
1128,Activist Fund TCI Backs German Takeover of London Stock Exchange,3
218,Tesco's boardroom clearout continues,2
256,Do it for me' trend underpins UK sales growth at Kingfisher,3
456,Clydesdale Bank hit with record PPI fine for 'unacceptable' staff lies,0
1054,BHP  Residents Brace as Cyclone Stan Nears Australian Coast,2
530,BUZZ-BG Group: outperforms sector after record output,4
496,Old Mutual to split up  may list some businesses,2
313,Why Shell Cut Ties to Conservative Lobby Group Over Climate Change,2
291,Glencore tells investors it is on track to reduce debt: Barclays,3
145,Diageo Sells Ryder Cup Venue Gleneagles Hotel to Ennismore Group,2
592,Standard Chartered Will Close Equity Sales and Research Business,1
966,Admiral Group posts decline in 2014 earnings,1
909,Berkshire Hathaway's 4Q profit declines 17 percent,0
91,News FeedFTSE 100 movers: Standard Chartered lifted while AstraZeneca sinks,0
947,PRESS: Pearson Set To Announce Sale Of Financial Times - Reuters,2
716,CompaniesPound to boost ABF for now  but mixed impact ahead,3
175,Hargreaves Landown slides on trading update,1
319,Failure of leadership' behind Tesco troubles  says former CEO Leahy,1
714,Teva: FDA Approves Generic Version of AstraZeneca Heartburn Drug,3
1025,UPDATE 1-Shire steps up drive to get Baxalta talking after $30 bln bid,3
299,Barclays says has spent $150 million on US 'living will',2
341,CompaniesLSE adds ex-SEC head Schapiro to board,2
190,MarketsShire up 2.5% and Baxalta up 6% on $32bn deal,3
109,Industry NewsWolseley confident in reslilience amid mixed markets,3
262,LONDON MIDDAY BRIEFING: Kingfisher's French Expansion Hits The Rocks,1
878,After Barclays and Bank of America  Citigroup has blockchain in sight,2
508,Warren Buffett's Berkshire adds to favorites IBM  Wells Fargo,3
792,Glencore shares enjoy bounce-back after Hong Kong-led surge,3
743,Are ARM Holdings plc  Domino's Pizza Group plc and ASOS plc 3 must-have growth stocks?,2
124,CompaniesG4S claims 'positive' start to the year,3
882,Should You Buy Jumbo Yielders British American Tobacco plc  Centrica PLC & John Wood Group PLC?,2
1040,Antofagasta Sees Lower Cash Costs In 2015 - Quick Facts,3
1117,Copper Prices up on Glencore Cuts to Zinc Supply,3
842,Investor Woodford calls for outsider to head GlaxoSmithKline,2
117,Kraft  Cadbury's and Britvic in Total Recall: how pulling a product affects profit,2
858,Shire Offers to Buy Baxalta for $30 Billion,3
376,LSE-Deutsche BÃ¶rse dealmakers wrong to ignore Brexit risk,1
4,Barclays 'bad bank' chief to step down,1
117,Kraft  Cadbury's and Britvic in Total Recall: how pulling a product affects profit,2
187,Valeant Names Interim Leader as CEO Remains Hospitalized,2
88,StanChart and RBS struggle in Bank of England stress tests,1
287,Tata Steel working with StanChart for UK unit sale - source,2
263,PRESS: Serco Set To Appoint Roy Gardner  Ex-Centrica  As Chairman - FT,2
761,Reluctant shareholder George Osborne loses patience with RBS,1
610,Associated British Foods Profit Hit by Strong Sterling  Tough Sugar Business,1
910,Ex-Barclays traders sentenced to up to six years' jail in Libor case,0
1035,Direct Line rings up higher profit,3
860,LONDON MORNING BRIEFING: HSBC And Standard Chartered Shares Rise,3
1120,UK government cuts stake in Lloyds to below 11 pct,1
648,Tesco to close remaining Homeplus stores in UK,1
514,Saudi Aramco  Shell plan to break up Motiva  divide up assets,2
954,InterContinental Hotels Denies Reports of Starwood Merger Talks,2
123,Tushar Morzaria is bookies' favourite to be new Barclays chief executive,2
224,CompaniesAberdeen Asset Mgt reports 10th consecutive quarterly outflows,0
172,Johnson Matthey profit falls but dividend rises,2
176,Sainsbury's  Asda  Tesco and Morrisons will all cut petrol prices as oil falls ...,1
1109,AB InBev to Sell SABMiller Stake in China's Snow Beer,2
860,LONDON MORNING BRIEFING: HSBC And Standard Chartered Shares Rise,3
1075,After Barclays and Bank of America  Citigroup has blockchain in sight,2
838,Barclays backs new iPhone and Android app that lets users send each other money using a bitcoin network,2
658,Shell challenges Exxon dominance with 47 billion-pound bid for BG,3
839,Diageo Sells Ryder Cup Venue Gleneagles Hotel to Ennismore Group,2
201,Despite sales growth  UK's Tesco cautions recovery to be bumpy,2
21,Insurers: Admiral blows hot and cold but Aviva soars pre-Friends Life merger,2
590,UPDATE 1-AstraZeneca buys ZS Pharma for $2.7 billion  pips Actelion,3
555,AstraZeneca Teams With Daiichi Sankyo To Sell Movantik In US,3
117,Kraft  Cadbury's and Britvic in Total Recall: how pulling a product affects profit,2
797,Credit checker Experian reports fall in full-year profit,1
311,Tesco Mobile Partners with Unlockd to Change the Way Consumers Use and Pay for Their Mobile Phones,3
593,CompaniesNational Grid lines up sale of gas business,2
564,Rolls-Royce Wins $9.2 Billion Order From Emirates Airline,4
44,Britain's FTSE advances as Royal Mail rises,3
183,Easyjet targets business travellers with new perks,2
273,UPDATE 1-Nomura  RBS must pay $806 mln in mortgage bond case-US judge,0
854,Lloyds Will Cut 640 Jobs  Close 23 Branches as Part of 2014 Plan,3
127,GE to Sell Majority Stake in Bank BPH's Core Bank to Alior Bank,3
267,SSE faces profiteering accusations despite 5.3% cut in gas charges,1
1104,Sainsbury's says to outperform rivals in tough market,3
720,Barclays PLC & Lloyds Banking Group PLC Are The 2 Banks I'd Buy Today,3
161,MarketsUS industrials lag as Barclays dims view,1
889,Sainsbury's and Glencore give FTSE a three-digit lift - London Report,4
153,Intercontinental Hotels  Starwood held early deal talks - FT,2
765,ARM Holdings plc Partners With International Business Machines Corp. To Drive ...,3
781,Retail focus helps to shield Lloyds from banking chill,3
951,Exclusive - Britain targets sale of half its RBS stake in two years: sources,1
753,UPDATE 3-Ex-Barclays director accused by US of illegal tips to plumber,1
673,Market Report: Eight-day rally ends for FTSE 100 and Standard Chartered,2
755,UPDATE: Peter Long To Be Chairman Of Both Royal Mail And TUI AG,2
150,Tesco says recovery plan working after profit collapse,3
261,Barclays denies deferred prosecution offer from SFO,2
647,United Utilities' full-year underlying operating profit falls 9 percent,1
390,Britain's FTSE hits three-week low as financials  Tesco fall,0
385,Dave Lewis paid Â£4.1m for first 6 months at Tesco,2
2,Glencore to refinance its short-term debt early  shares rise,3
410,Insight hires Aviva's David Hillier for multi-asset team,2
779,Lloyds returns Â£13bn to UK taxpayer,2
25,Britain's FTSE lifted by solid Kingfisher,4
950,Verizon and AT&T accused of hurting rivals,1
231,AstraZeneca bags another cancer drug deal  this time with Inovio,3
993,Domino's Pizza worker sacked after crude slur aimed at customer on order screen,1
71,World's banks may halve jobs and branches within 10 years - Barclays ex-boss,1
1029,BHP Billiton slashes dividend  posts $5.67 billion net loss,1
105,United Utilities FY profit up 3.5%; to boost capex,3
1086,AstraZeneca Explores Potential Deal With Acerta for Cancer Drug,3
918,Britain's FTSE steadies below record high  BHP gains,3
727,Glencore sees Tripoli-based NOC as sole legal seller of Libyan oil,2
517,Industry NewsWood Group wins multi-million dollar contract with BP,3
1003,Legal & General arm buys 50 pct stake in MediaCityUK in Manchester,3
923,UPDATE 1-Cypress Semiconductor offers to buy Integrated Silicon Solution,3
334,Water utility Severn Trent ups savings forecast  FY profit falls,2
598,CompaniesTullow says gas exports at key field disrupted,1
351,BP cuts capex for third time this year to deal with weak oil,1
727,Glencore sees Tripoli-based NOC as sole legal seller of Libyan oil,2
208,AstraZeneca in Talks to Buy Cancer Drug Developer Acerta Pharma,3
841,CommentOpening Quote: Tesco; Premier Foods jilted; FCA on IPOs,2
439,Anheuser-Busch InBev Increases Offer for Rival SABMiller,3
444,Buffett talks wind energy  Coca-Cola at Berkshire meeting,2
340,Legal & General share price: Finance chief to step down,2
100,Glencore sells agri unit stake for $2.5 billion to Canadian pension fund,3
89,StanChart may see white knight takeover on painful recovery - CLSA,2
923,UPDATE 1-Cypress Semiconductor offers to buy Integrated Silicon Solution,3
348,Tesco turnaround gathers pace under new CEO,3
805,UPDATE 1-EU regulator backs approval for GSK injectable asthma drug,3
1113,UPDATE 5-Barclays Chairman McFarlane axes CEO to speed up strategic change,1
136,Barclays appoints JPMorgan's Paul Compton as new COO,2
596,US walrus protections hit Shell's Arctic drilling plan,1
524,HSBC chief hit with tax-avoidance scandal,1
388,AstraZeneca : FDA Panel Reviews Savor Study Results For Onglyza ...,2
656,Old Mutual First-Quarter Sales Up 18% Buoyed by Emerging Markets,4
40,Brazil Vale says will appeal ruling to block assets for dam burst,2
73,Clinigen chosen by AstraZeneca to manage access programme for next ...,3
289,AO World shares tumble on profit warning,0
738,FTSE ends lower on weaker miners  Tesco outperforms,3
1125,US Seeks Huawei Records on Dealings With Sanctioned Nations,1
453,MarketsBP promotes upstream boss to deputy CEO,2
323,Are ARM Holdings plc  Domino's Pizza Group plc and ASOS plc 3 must-have growth stocks?,2
527,HSBC appoints business leaders to board,2
1023,IAG closes in on Aer Lingus with increased offer,3
847,Companies Thetrainline.com announces arrival of London IPO,3
629,GSK reveals strong trial results for shingles drug,3
188,AstraZeneca weighing up Acerta bid to secure blood cancer drug,3
497,RBS  Lloyds Most Exposed to Commercial Property  JPMorgan Says,2
998,LSE-Deutsche Boerse merger would signal end to exchange mega-deals,2
614,BHP Billiton share price: Brazil to sue Samarco for Â£3.5bn,1
846,UPDATE 1-UK to start selling remaining Royal Mail shares,1
557,OCBC to Buy Barclay's Wealth Management Unit in Singapore  Hong Kong,3
500,Tesco loses two more directors as Garfield and Tammenoms step down,1
562,Compass Group says positive for year ahead,4
198,UK WINNERS & LOSERS: Aviva And Friends Life Lead FTSE 100 Gainers,3
1048,Valeant Said to Name New CEO With Pearson Still Hospitalized,2
920,Can Standard Chartered PLC  BP plc & Burberry Group plc Keep Charging?,2
1056,Barclays brands financier Amanda Staveley's $1bn claim as misconceived,1
872,SAB's Chairman Digs In With Board Divided on InBev Offer,2
245,Pearson Forecasts Rising Earnings as Reorganization Pays Off,3
939,AstraZeneca to Pay Inovio Up to $700 Million for Cancer Drug,3
629,GSK reveals strong trial results for shingles drug,3
1137,FDA panel backs Glaxo asthma drug for adults  not adolescents,3
31,Johnson Matthey profit lifted by metals unit sale,3
820,Philip Morris  BAT Sue Over Law Taking Branding Off Packs,2
739,CompaniesCoutts raids JPMorgan Chase for new CEO,2
1101,CompaniesGlencore's annual results beat forecasts,4
855,Royal Mail turnaround proving expensive in tough UK market,2
940,Shire to buy NPS for $5.2 billion to boost rare disease drugs,3
754,GSK hopes big clinical trial can breath new life into lung drug,2
489,London Stock Exchange Shareholders Approve Merger With Deutsche BÃ¶rse,3
79,BHP Billiton half-year profit falls  beats forecasts,2
1031,Why I Would Put J Sainsbury plc In My Trolley Before Wm Morrison Supermarkets ...,1
148,LSE-Deutsche Boerse merger would signal end to exchange mega-deals,2
751,Oil majors like Royal Dutch Shell  Chevron  BP fail to find reserves to counter ...,1
604,AstraZeneca digs into precision medicine with lung  heart deals,3
782,UPDATE 1-RBS raising $3.1 billion through issue of CoCo bonds,2
505,EU regulator backs approval for GSK injectable asthma drug,3
1125,US Seeks Huawei Records on Dealings With Sanctioned Nations,1
347,Merged LSE and Deutsche BÃ¶rse would be led by Germany's Kengeter,2
152,Shell and BG Shareholders to Vote on Deal at End of January,2
306,Persimmon sees post-election pick-up,3
282,Carnival Corporation and China Merchants Group Sign Memo of Understanding ...,2
878,After Barclays and Bank of America  Citigroup has blockchain in sight,2
655,Kingfisher takeover of Mr Bricolage could hit a brick wall,1
1081,BT finance director Tony Chanmugam to step down,2
700,Can Christmas Save Sainsbury's plc And Tesco plc?,2
559,AstraZeneca's MedImmune Inks Licensing Deal With Omnis Pharmaceuticals,3
481,BP joins forces with Det Norske in Norway,3
489,London Stock Exchange Shareholders Approve Merger With Deutsche BÃ¶rse,3
983,Dyson Wants to Create a Hair Dryer Revolution,3
707,Industry NewsHammerson joint venture buys Dublin loan portfolio,3
845,Goldman Sachs  Barclays  HSBC downplay Brexit threat,2
217,Shire to buy NPS for $5.2 billion to boost rare disease drugs,3
242,Kraft  Cadbury's and Britvic in Total Recall: how pulling a product affects profit,2
143,AB InBev's Latest Bid Said Unlikely to Win SABMiller's Approval,1
408,Reed Elsevier to rename itself RELX Group,2
663,Lloyds sells Irish loan portfolio for Â£827m,2
1024,GKN to buy Fokker Technologies for 706 mln euros,3
501,The UK Government's Call To Sell Shares In Royal Bank Of Scotland Group plc ...,1
769,SSE share price: Peterhead station to supply voltage support to National Grid,3
124,CompaniesG4S claims 'positive' start to the year,3
396,Berkshire discloses unit's ties to Iran  opens probe,1
1024,GKN to buy Fokker Technologies for 706 mln euros,3
1119,Meggitt plc Crashes 20% On Profit Warning: Is It Now A Buy?,0
306,Persimmon sees post-election pick-up,3
1099,Shire share price under pressure after $32bn Baxalta deal,2
352,Aspen to Buy Anaesthetics From AstraZeneca for $520 Million,3
1121,Passengers rise at EasyJet and Aer Lingus,3
233,Miners Meltdown as BHP to Rio Tinto Sink in Commodities Rout,0
1,IMI posts drop in first-quarter organic revenue; warns on full year,1
454,Glencore swings to loss  will sell more assets,1
5,Bilfinger Industrial Services win Â£100m BP contract extension,2
40,Brazil Vale says will appeal ruling to block assets for dam burst,2
1037,AstraZeneca sells rights to anaesthetics to South Africa's Aspen,3
501,The UK Government's Call To Sell Shares In Royal Bank Of Scotland Group plc ...,1
1048,Valeant Said to Name New CEO With Pearson Still Hospitalized,2
440,UK government sells more Lloyds shares  cuts stake to below 12 percent,1
930,UPDATE 1-BHP Billiton's credit ratings fragile in FY16  agencies warn,1
273,UPDATE 1-Nomura  RBS must pay $806 mln in mortgage bond case-US judge,0
573,National Grid's pretax profit rises 15 percent,4
791,Centrica extends gas deals with Gazprom  Statoil,3
860,LONDON MORNING BRIEFING: HSBC And Standard Chartered Shares Rise,3
914,Stars aligned' for AB InBev's megabrew merger plan,3
266,The Coca-Cola Company and Coca-Cola FEMSA to Acquire AdeS Soy-Based Beverage Business From Unilever,3
507,LSE gets Hong Kong regulatory nod to HK firms to become LSE members,3
193,SSE cuts gas prices by 4.1% to become fifth of 'Big Six' providers to slash energy ...,2
843,Randgold Resources third quarter profit slips despite record production,1
461,ARM Royalties Accelerate as Smartphone Market Regains Strength,3
327,Mylan Appoints Ranjan Ray Chaudhuri as Global Commercial Lead for Mylan's Over ...,2
733,U.K. Stocks Resume Gains to Rally to Record; CRH  Tullow Climb,4
142,AstraZeneca does US$770mln anaesthetic deal,3
54,Dividends Unleashed At Royal Bank of Scotland Group plc,3
706,Valeant CEO Pledges to Heed Critics After `Painful' Experience,1
888,Royal Mail share price edges lower as group raises stamp price,1
1099,Shire share price under pressure after $32bn Baxalta deal,2
48,Landlord Hammerson's NAV rises on increased leasing activity,4
501,The UK Government's Call To Sell Shares In Royal Bank Of Scotland Group plc ...,1
18,BP Seeks to Get Back Some Gulf Oil Spill Business Payouts,2
577,HSBC keeps headquarters in London  rejects move to Hong Kong,2
689,AstraZeneca Acquires ZS Pharma in $2.7 Billion Deal,3
333,Barclays poaches new chief operating officer Paul Compton from JP Morgan Chase,2
1012,Diageo Shares Surge on Report of Possible Takeover by Lemann,3
533,Industry NewsG4S makes 'positive' start to year  no new impairments,3
676,RBS chairman admits surprise at size of regulatory penalties,1
368,Spain's CaixaBank Expects To Close Deal For Banco BPI,3
734,Royal Bank of Scotland becomes Facebook customer,3
1134,Balfour Beatty plc Set To Reinstate Dividend (And Rival National Grid plc And Centrica PLC Once More?),3
440,UK government sells more Lloyds shares  cuts stake to below 12 percent,1
854,Lloyds Will Cut 640 Jobs  Close 23 Branches as Part of 2014 Plan,3
899,CompaniesCoutts raids JPMorgan Chase for new CEO,2
883,London Stock Exchange seals Â£22 billion merger with Germany's Deutsche BÃ¶rse,3
478,GlaxoSmithKline share price slips as FDA okays asthma therapy only for adults,1
488,Glencore Cuts 2015 Budget  Plans To Divest From Lonmin,1
1064,Aviva Fined $27 Million by U.K. Regulator Over Fee Failings,0
616,Barclays hit with record fine as six banks settle forex scandal,0
64,Petrofac books further Â£30m cost for Shetland gas terminal delays,1
304,Aberdeen Asset Management Gains Foothold In China,3
708,AstraZeneca sells Caprelsa rights to Sanofi unit,3
418,NYSE owner ICE considers offer for LSE,3
269,Shell  Chevron Await LNG's Return From `Pause Mode',2
294,AstraZeneca sells US drug rights to Perrigo for $380 mln,3
920,Can Standard Chartered PLC  BP plc & Burberry Group plc Keep Charging?,2
201,Despite sales growth  UK's Tesco cautions recovery to be bumpy,2
950,Verizon and AT&T accused of hurting rivals,1
275,AstraZeneca chases Acerta to secure next cancer drug winner,3
555,AstraZeneca Teams With Daiichi Sankyo To Sell Movantik In US,3
66,TalkTalk hires BAE Systems to investigate cyber attack,3
310,AstraZeneca profit down as sales of stalwarts fade,1
96,Tesco set to sell Kipa  Giraffe businesses - Sky News,2
702,FTSE boosted by Dixons Carphone with Fed in focus,3
643,Barclays picks ex-JPMorgan exec Staley as new CEO  to start Dec 1,2
1018,2 Turnaround Buys For 2016? BHP Billiton plc And Home Retail Group Plc,3
993,Domino's Pizza worker sacked after crude slur aimed at customer on order screen,1
343,News FeedSchroders books solid earnings growth  several board changes,3
547,Barclays Executive Harrison Denies Knowledge of Libor Fixing,1
438,Lloyds Banking Group eyes return to dealmaking with MBNA bid,3
440,UK government sells more Lloyds shares  cuts stake to below 12 percent,1
977,Shropshire and Mid Wales trains to be hit again in new strike by Arriva drivers,1
712,Insight - Britain's bank tax jump threatens to push HSBC  StanChart to new home,2
389,Hargreaves Lansdown bucks weak markets to see assets rise 2.6 percent,3
377,Weir Group offloads two renewables units,2
252,Spain's Caixabank launches new takeover bid for Banco BPI,2
550,CompaniesAB InBev signals it won't go hostile for SABMiller,2
884,Unilever Finds Growth More Elusive as Sales Meet Estimates,3
488,Glencore Cuts 2015 Budget  Plans To Divest From Lonmin,1
491,News FeedFTSE 100 movers: LSE surges as ICE says mulling offer; Ashtead and Barclays tank,3
254,ARM shrugs off smartphone slowdown as newer designs win share,2
1106,RBI surprises Street; Sensex pares gains after hitting mount 30k,1
366,Friday Papers: Sir Philip Green sells BHS for Â£1,2
983,Dyson Wants to Create a Hair Dryer Revolution,3
565,Unilever head's resignation sparks spinoff talk,2
833,Amazon to attack UK grocery market with Morrisons deal,3
43,UPDATE 2-EasyJet sees better first half on lower fuel bill,4
346,CFTC fines Barclays $560000 for inaccurate swaps position reports,0
89,StanChart may see white knight takeover on painful recovery - CLSA,2
640,Glencore Studies Possible IPO for Agricultural Trading Business,3
548,Standard Life hit by 'unprecedented' number of calls on pension freedoms,1
431,Intercontinental Exchange Opts Not to Bid for London Stock Exchange,1
219,BHP Billiton says no settlement yet on Brazil dam disaster,2
301,TRLPC - CRH backs Lafarge Holcim asset buy with 6.5 bln euro bridge loan,3
1025,UPDATE 1-Shire steps up drive to get Baxalta talking after $30 bln bid,3
1024,GKN to buy Fokker Technologies for 706 mln euros,3
715,Prudential shares halted in Hong Kong pending announcement,1
566,AstraZeneca wins US approval for longer use of blood thinner,3
414,Unilever posts weaker-than-expected fourth quarter,1
140,Friends Life lifts profits 38% and hikes divi ahead of proposed Aviva takeover,2
911,BP slashes capital spending by 20%,1
824,RBI surprises Street; Sensex pares gains after hitting mount 30k,4
279,BG Group Still Happy With Shell's $70 Billion Offer,3
846,UPDATE 1-UK to start selling remaining Royal Mail shares,1
893,Glencore Agrees to Sell Minority Stake in Agriculture Business,3
605,Lloyds Banking Group to cut 640 jobs and close 23 branches,3
437,StanLife leads FTSE after strong earnings,4
525,British government stake in Lloyds Banking Group fa,2
1103,Pfizer to cut 120 jobs with closure of Cambridge R&D centre,1
698,MarketsMoneysupermarket slides 11% on Barclays Brexit warning,0
1136,BG Group appoints new CEO one month early,2
1047,TalkTalk hires BAE Systems to investigate cyber attack,2
163,US DOJ antitrust unit subpoenas Mylan over pricing of doxycycline,0
526,AstraZeneca's $727 million play to do away with chemotherapy,3
363,BP Reports $583 Million Loss in First Quarter,0
59,Johnson Matthey revs up on clean air drive,3
497,RBS  Lloyds Most Exposed to Commercial Property  JPMorgan Says,2
539,Bidders Abandon Auction Of Tesco Data Unit,1
245,Pearson Forecasts Rising Earnings as Reorganization Pays Off,3
1030,StanChart capital raising would be major surprise -investor Aberdeen,2
864,BP's fine for 2010 oil spill capped at $13.7 billion,0
730,Aldi and Lidl expansion plans speed ahead as Tesco  Sainsbury's  Morrisons ...,3
521,Tesco share price: Brand Guarantee comes under fire,1
481,BP joins forces with Det Norske in Norway,3
154,Warren Buffett's Berkshire Hathaway buys stake in Apple,3
1025,UPDATE 1-Shire steps up drive to get Baxalta talking after $30 bln bid,3
869,Royal Mail share price: Postal service issues trading update,2
384,Intercontinental Exchange Opts Not to Bid for London Stock Exchange,2
938,Standard Life stands tall amid pension reform,3
1042,Priceline's stock jumps to new high for the year after Barclays upgrade,4
379,Industry NewsRevenue  earnings take a tumble at Weir Group,0
45,CompaniesTesco sheds Harris & Hoole coffee shops,3
601,We'd support HSBC leaving London  says Standard Life,2
59,Johnson Matthey revs up on clean air drive,3
535,Old Mutual share price: Wealth unit seen as blue-chip company,4
373,Diageo Sells Ryder Cup Venue Gleneagles Hotel to Ennismore Group,3
1042,Priceline's stock jumps to new high for the year after Barclays upgrade,4
980,Worldpay readies for Â£6bn London float,2
829,UPDATE 1-AstraZeneca sells rare cancer drug to Sanofi for up to $300 mln,3
378,Aggreko says first half profits will be lower as the oil price rout claims its latest victim,1
690,Market Report: Aviva tops the market as traders approve of its choice of Friends,3
879,Early victory for new CEO as Morrisons beats forecasts,4
628,Travis Perkins Hikes Dividend 20% As Profit And Revenue Rise,4
451,AstraZeneca says new lung cancer pill Tagrisso approved by EU,3
678,CRH's concrete bid for Holcim Lafarge assets,3
995,Sales boost for new Morrisons chief David Potts as Tesco turnaround stalls,3
377,Weir Group offloads two renewables units,2
963,Dave Lewis admits long road ahead for Tesco recovery,1
713,Royal Mail chairman Donald Brydon set to step down,1
354,US sanctions put Gazprom-Shell alliance plans in jeopardy,1
795,Shell challenges Exxon dominance with 47 billion-pound bid for BG,2
304,Aberdeen Asset Management Gains Foothold In China,3
62,RBS will reportedly appoint Howard Davies as its next chairman,2
5,Bilfinger Industrial Services win Â£100m BP contract extension,2
617,UK Serious Fraud Office Seeks Retrial of Two Former Barclays Libor Traders,0
986,CORRECTED-Shire to buy Dyax for about $5.9 bln,4
901,Dixons Carphone says cyber attack may have exposed customers' data,0
388,AstraZeneca : FDA Panel Reviews Savor Study Results For Onglyza ...,2
338,CompaniesDiageo moves CFO to lead North American business,2
350,METALS-Zinc soars 10 pct  fuelling metals surge after Glencore cuts output,3
873,Britain facing winter of blackouts as National Grid warns of tightest power ...,1
240,Shell CEO van Beurden's remuneration fell in 2015,2
63,UPDATE 1-Seattle flotilla protests Shell's Arctic drilling plans,1
759,AstraZeneca to Buy ZS Pharma for $2.7 Billion,3
185,Shire proposes $30 bln all-share tie-up with Baxalta,3
223,BAE Systems's sales boosted by European Typhoon and currencies,3
41,BHP Billiton posts big loss  slashes dividend,0
1043,Tesco leads leap in FTSE 100; Marks & Spencer drops,3
922,Stakes High for AstraZeneca Heart Drug Facing Tough Competition,1
637,Aberdeen to raise 100 mln stg to seed new funds,3
768,BT Group's third quarter revenues rise as restructure unveiled,3
283,CompaniesDiageo stays neutral on India boardroom turmoil,2
521,Tesco share price: Brand Guarantee comes under fire,1
338,CompaniesDiageo moves CFO to lead North American business,2
243,Shell seeks to remove Greenpeace activists from oil rig,2
96,Tesco set to sell Kipa  Giraffe businesses - Sky News,2
957,SSE to Shut Coal-Fired Plant Amid Shift to Gas  Renewable Energy,2
848,Hargreaves weathers torrid ISA season and Brexit fears,1
52,Barclays raises 603 million pounds from African business share sale,3
740,Philippines' San Miguel says to partner with Kirin if it bids for SABMiller's ...,3
923,UPDATE 1-Cypress Semiconductor offers to buy Integrated Silicon Solution,3
1050,Barclays appoints JPMorgan's Paul Compton as new COO,2
458,US judge rules that BP spill smaller than feared,2
256,Do it for me' trend underpins UK sales growth at Kingfisher,3
846,UPDATE 1-UK to start selling remaining Royal Mail shares,1
1110,Merkel's Government Said to Support Deutsche Boerse-LSE Merger,3
539,Bidders Abandon Auction Of Tesco Data Unit,1
485,Broker tips: RBS  Croda  Sage,3
864,BP's fine for 2010 oil spill capped at $13.7 billion,0
963,Dave Lewis admits long road ahead for Tesco recovery,1
555,AstraZeneca Teams With Daiichi Sankyo To Sell Movantik In US,3
975,Doubts grow over GlaxoSmithKline's $6 bln capital return plan,1
289,AO World shares tumble on profit warning,0
854,Lloyds Will Cut 640 Jobs  Close 23 Branches as Part of 2014 Plan,3
80,Royal Dutch Shell to Buy BG Group for Nearly $70 Billion,3
162,Zurich Insurance Considering Offer for UK Rival RSA Insurance,3
825,Royal Mail needs to deliver on modernisation plans  post haste,2
142,AstraZeneca does US$770mln anaesthetic deal,3
251,NYSE owner ICE may gatecrash Deutsche Boerse-LSE merger,2
132,ARM Holdings plc Partners With International Business Machines Corp. To Drive ...,3
262,LONDON MIDDAY BRIEFING: Kingfisher's French Expansion Hits The Rocks,1
120,France raises concerns over proposed LSE-Deutsche Boerse deal,1
222,Amazon's grocery deal with Morrisons is only the beginning,3
867,FTSE 100 movers: BG Group leads the charge as resource stocks jump,4
701,HSBC Says Unit to Book $585 Million Charge on Settlement,1
1093,Barclays  Deutsche Bank Fight to Lift Profit Just Got Harder,1
409,Sotheby's chairman takes his final sale,2
784,UPDATE 1-Rio Tinto to sell aluminium assets in $1 bln deal -paper,3
542,Smith & Nephew 2015 trading profit beats expectations,3
296,Pearson lags as UK's FTSE slips off record high,1
168,Glencore shares rally after miner hits back,3
527,HSBC appoints business leaders to board,2
776,RBS Pays $1.7 Billion to Scrap U.K. Treasury's Dividend Rights,2
1031,Why I Would Put J Sainsbury plc In My Trolley Before Wm Morrison Supermarkets ...,1
463,Glencore chief blames rivals' overproduction for share price fall,1
1037,AstraZeneca sells rights to anaesthetics to South Africa's Aspen,3
189,BP asks for lower fine in penalty phase of Gulf spill trial,2
338,CompaniesDiageo moves CFO to lead North American business,2
259,AB InBev Holds Talks With Regulators About California Deals,2
358,Royal Mail hands chief executive Moya Greene a 13% rise in her pay package,2
385,Dave Lewis paid Â£4.1m for first 6 months at Tesco,2
254,ARM shrugs off smartphone slowdown as newer designs win share,2
1011,UPDATE 3-Barclays sells Italian branches to Mediobanca at a loss,0
40,Brazil Vale says will appeal ruling to block assets for dam burst,2
672,GlaxoSmithKline beats profit forecasts despite Advair hit  lower margins,3
1022,Market Report: Aviva tops the market as traders approve of its choice of Friends,4
627,UPDATE 1-Berkshire applies to boost Wells Fargo stake above 10 pct,3
194,Silicon Fen' champion brings exacting approach to Rolls-Royce,2
500,Tesco loses two more directors as Garfield and Tammenoms step down,1
355,UPDATE 6-Royal Dutch Shell pulls plug on Arctic exploration,1
1114,Berkshire Bought Apple Stake at $99.49 a Share  Filing Shows,2
766,NYSE owner ICE may gatecrash Deutsche Boerse-LSE merger,1
278,Militants fire rockets at Algerian BP/Statoil gas plant  no casualties,1
174,ConAgra Names Former Hillshire Farms CEO Connolly to Top Post,2
369,How Kraft-Heinz Merger Came Together in Speedy 10 Weeks,3
235,Britain's power supplies enough to meet winter demand - National Grid,3
185,Shire proposes $30 bln all-share tie-up with Baxalta,3
642,Gabon Considering Back Tax Penalties Against Royal Dutch Shell,1
673,Market Report: Eight-day rally ends for FTSE 100 and Standard Chartered,2
1033,Peroni and Grolsch put up for sale as AB InBev plans acquisition of SABMiller,3
99,Standard Life slips as Greek worries peg back Britain's FTSE,1
862,MarketsProperty stocks under pressure after Standard Life fund move,1
1120,UK government cuts stake in Lloyds to below 11 pct,1
532,After Barclays and Bank of America  Citigroup has blockchain in sight,3
720,Barclays PLC & Lloyds Banking Group PLC Are The 2 Banks I'd Buy Today,3
114,British American Tobacco drops and sues PwC over pollution scandal,1
576,UK's Morrisons in talks to sell convenience stores - source,2
1090,Meggitt agrees to buy US aerospace component firm for $340 million,3
26,Novo Nordisk and AstraZeneca seek tonic from key drug trials,2
443,Tesco Versus Sainsbury: Weight-Watcher vs. Bodybuilder,3
588,CompaniesKingfisher bid for Mr Bricolage runs into trouble,1
848,Hargreaves weathers torrid ISA season and Brexit fears,1
1002,Centrica extends gas deals with Gazprom  Statoil,2
353,Sainsbury chief warns of squeeze on high street retailers,1
670,Five years after BP oil spill  some Gulf oystermen are losing hope,1
1032,Glaxo Sees Hope for Respiratory Drugs as Earnings Beat Estimates,3
389,Hargreaves Lansdown bucks weak markets to see assets rise 2.6 percent,3
836,Prudential hit by withdrawals from M&G investment arm,0
594,2 Turnaround Buys For 2016? BHP Billiton plc And Home Retail Group Plc,3
566,AstraZeneca wins US approval for longer use of blood thinner,3
1137,FDA panel backs Glaxo asthma drug for adults  not adolescents,3
373,Diageo Sells Ryder Cup Venue Gleneagles Hotel to Ennismore Group,3
1099,Shire share price under pressure after $32bn Baxalta deal,2
269,Shell  Chevron Await LNG's Return From `Pause Mode',2
503,Should You Buy Jumbo Yielders British American Tobacco plc  Centrica PLC & John Wood Group PLC?,2
1087,Tesco sells half of stake in ecommerce site Lazada to Alibaba for Â£90m,3
930,UPDATE 1-BHP Billiton's credit ratings fragile in FY16  agencies warn,1
496,Old Mutual to split up  may list some businesses,2
383,UPDATE: AstraZeneca's Selumetinib Gets Orphan Drug Label  Good AZD9291 ...,3
838,Barclays backs new iPhone and Android app that lets users send each other money using a bitcoin network,2
929,CompaniesThiam received Â£5m pay packet for final months at Prudential,2
1092,Bloomberg buys Barclays' benchmarking business,3
531,Teva First-Quarter Net Rises 11% Amid Mylan Takeover Battle,4
558,BP agrees to $18.7B penalty for oil spill; the tricky science behind ...,0
1031,Why I Would Put J Sainsbury plc In My Trolley Before Wm Morrison Supermarkets ...,1
269,Shell  Chevron Await LNG's Return From `Pause Mode',2
47,Fitch: Citi's 1Q'15 Reports Much Improved Results,3
21,Insurers: Admiral blows hot and cold but Aviva soars pre-Friends Life merger,2
346,CFTC fines Barclays $560000 for inaccurate swaps position reports,0
1050,Barclays appoints JPMorgan's Paul Compton as new COO,2
610,Associated British Foods Profit Hit by Strong Sterling  Tough Sugar Business,1
170,Verizon and AT&T accused of hurting rivals,1
309,London open: Taylor Wimpey and Ashtead drive markets higher  Barclays falls,3
925,InterContinental Hotels denies exploring sale or merger,2
1052,Weir Group sees continued fall in orders from oil and gas business,1
67,Osborne extends Lloyds sell-off plan,1
547,Barclays Executive Harrison Denies Knowledge of Libor Fixing,1
156,Britain's FTSE bounces back  Mondi and Barratt lead,3
117,Kraft  Cadbury's and Britvic in Total Recall: how pulling a product affects profit,2
686,Sir Ken Morrison has taken a Â£6m stake in rival Sainsbury's,3
627,UPDATE 1-Berkshire applies to boost Wells Fargo stake above 10 pct,3
1139,Kingfisher share price slides on cost to implement new strategy,0
64,Petrofac books further Â£30m cost for Shetland gas terminal delays,1
494,UPDATE 3-Stifel to buy former Lehman brokerage from Barclays,2
340,Legal & General share price: Finance chief to step down,2
550,CompaniesAB InBev signals it won't go hostile for SABMiller,2
867,FTSE 100 movers: BG Group leads the charge as resource stocks jump,4
129,City spirits sink after Diageo comes up short with sales slide,1
559,AstraZeneca's MedImmune Inks Licensing Deal With Omnis Pharmaceuticals,3
532,After Barclays and Bank of America  Citigroup has blockchain in sight,3
281,Shell to Lay Off Another 2200 Staff,1
951,Exclusive - Britain targets sale of half its RBS stake in two years: sources,1
124,CompaniesG4S claims 'positive' start to the year,3
303,RBS breaks with past by tearing investment bank apart,2
85,BPI Says Caixabank  Isabel dos Santos Reach Agreement Over Angola Exposure,3
310,AstraZeneca profit down as sales of stalwarts fade,1
983,Dyson Wants to Create a Hair Dryer Revolution,3
456,Clydesdale Bank hit with record PPI fine for 'unacceptable' staff lies,0
1062,Profits Fall 25% At Standard Chartered PLC: Should You Buy Or Sell?,0
379,Industry NewsRevenue  earnings take a tumble at Weir Group,0
422,UPDATE 3-BP settles oil spill-related claims with Halliburton  Transocean,1
324,Persimmon reports strong trading despite EU vote and planning delays,3
776,RBS Pays $1.7 Billion to Scrap U.K. Treasury's Dividend Rights,2
356,AB InBev to Sell SABMiller Stake in China's Snow Beer,2
581,British American Tobacco first-half sales hurt by currency moves,1
644,Insight hires Aviva's David Hillier for multi-asset team,2
58,BP sees Q1 earnings slide as low oil prices take their toll,1
848,Hargreaves weathers torrid ISA season and Brexit fears,1
745,Cost savings help Robinsons maker Britvic to first-half profit,3
648,Tesco to close remaining Homeplus stores in UK,1
357,Persimmon share price climbs on 23% rise in full-year revenue,4
24,Whitbread eyes savings  price rises to offset wage rises,2
622,RPT-UPDATE 2-Former Jefferies trader Litvak's conviction overturned,2
653,Brewer AB InBev seeks $275 bln tie-up with SABMiller,3
227,Shire says internal synergy goals from Baxalta deal higher,3
977,Shropshire and Mid Wales trains to be hit again in new strike by Arriva drivers,1
479,Report: Financial Times up for sale,2
304,Aberdeen Asset Management Gains Foothold In China,3
475,Royal Mail  Johnson Matthey lead FTSE lower,1
867,FTSE 100 movers: BG Group leads the charge as resource stocks jump,4
269,Shell  Chevron Await LNG's Return From `Pause Mode',2
1113,UPDATE 5-Barclays Chairman McFarlane axes CEO to speed up strategic change,1
